case_id,score
57543,0.29938084
57549,0.6076437
57551,0.09697518
57552,0.3112704
57569,0.5692632
57630,0.117148176
57631,0.54286695
57632,0.06585234
57633,0.5275591
57634,0.14675139
